curve,occupancy,first_steps,second_steps
旧·最空法 (worst-fit),0.0500,0.000,1.049
旧·最空法 (worst-fit),0.0700,0.000,1.611
旧·最空法 (worst-fit),0.0900,0.000,1.579
旧·最空法 (worst-fit),0.1100,0.000,1.634
旧·最空法 (worst-fit),0.1300,0.000,1.339
旧·最空法 (worst-fit),0.1500,0.000,1.794
旧·最空法 (worst-fit),0.1700,0.000,2.117
旧·最空法 (worst-fit),0.1900,0.000,2.285
旧·最空法 (worst-fit),0.2100,0.000,2.349
旧·最空法 (worst-fit),0.2300,0.000,2.519
旧·最空法 (worst-fit),0.2500,0.000,2.551
旧·最空法 (worst-fit),0.2700,0.000,2.881
旧·最空法 (worst-fit),0.2900,0.000,3.239
旧·最空法 (worst-fit),0.3100,0.000,3.241
旧·最空法 (worst-fit),0.3300,0.000,3.474
旧·最空法 (worst-fit),0.3500,0.000,3.531
旧·最空法 (worst-fit),0.3700,0.000,4.062
旧·最空法 (worst-fit),0.3900,0.000,4.012
旧·最空法 (worst-fit),0.4100,0.000,4.313
旧·最空法 (worst-fit),0.4300,0.012,4.775
旧·最空法 (worst-fit),0.4500,0.000,4.512
旧·最空法 (worst-fit),0.4700,0.005,4.925
旧·最空法 (worst-fit),0.4900,0.036,5.165
旧·最空法 (worst-fit),0.5100,0.017,5.488
旧·最空法 (worst-fit),0.5300,0.013,5.693
旧·最空法 (worst-fit),0.5500,0.046,5.897
旧·最空法 (worst-fit),0.5700,0.118,6.030
旧·最空法 (worst-fit),0.5900,0.094,6.417
旧·最空法 (worst-fit),0.6100,0.162,6.698
旧·最空法 (worst-fit),0.6300,0.148,7.368
旧·最空法 (worst-fit),0.6500,0.264,7.530
旧·最空法 (worst-fit),0.6700,0.423,8.037
旧·最空法 (worst-fit),0.6900,0.544,8.477
旧·最空法 (worst-fit),0.7100,0.622,8.931
旧·最空法 (worst-fit),0.7300,0.862,8.658
旧·最空法 (worst-fit),0.7500,1.206,9.578
旧·最空法 (worst-fit),0.7700,1.447,9.990
旧·最空法 (worst-fit),0.7900,1.806,10.957
旧·最空法 (worst-fit),0.8100,2.298,11.000
旧·最空法 (worst-fit),0.8300,3.032,12.034
旧·最空法 (worst-fit),0.8500,3.597,12.771
旧·最空法 (worst-fit),0.8700,5.645,14.191
旧·最空法 (worst-fit),0.8900,6.895,14.225
旧·最空法 (worst-fit),0.9100,9.246,15.768
旧·最空法 (worst-fit),0.9300,11.242,17.285
旧·最空法 (worst-fit),0.9500,15.900,19.010
旧·最空法 (worst-fit),0.9700,27.961,22.358
旧·最空法 (worst-fit),0.9900,25.330,8.213
当前·留空法 (reserve),0.0500,0.000,1.024
当前·留空法 (reserve),0.0700,0.000,1.534
当前·留空法 (reserve),0.0900,0.000,1.579
当前·留空法 (reserve),0.1100,0.000,1.621
当前·留空法 (reserve),0.1300,0.000,1.339
当前·留空法 (reserve),0.1500,0.000,1.790
当前·留空法 (reserve),0.1700,0.000,2.095
当前·留空法 (reserve),0.1900,0.000,2.345
当前·留空法 (reserve),0.2100,0.000,2.337
当前·留空法 (reserve),0.2300,0.000,2.556
当前·留空法 (reserve),0.2500,0.000,2.556
当前·留空法 (reserve),0.2700,0.000,2.992
当前·留空法 (reserve),0.2900,0.000,3.144
当前·留空法 (reserve),0.3100,0.000,3.354
当前·留空法 (reserve),0.3300,0.007,3.439
当前·留空法 (reserve),0.3500,0.021,3.514
当前·留空法 (reserve),0.3700,0.031,3.971
当前·留空法 (reserve),0.3900,0.030,4.007
当前·留空法 (reserve),0.4100,0.050,4.203
当前·留空法 (reserve),0.4300,0.063,4.518
当前·留空法 (reserve),0.4500,0.117,4.656
当前·留空法 (reserve),0.4700,0.273,4.865
当前·留空法 (reserve),0.4900,0.290,4.938
当前·留空法 (reserve),0.5100,0.335,5.263
当前·留空法 (reserve),0.5300,0.558,5.579
当前·留空法 (reserve),0.5500,0.770,5.892
当前·留空法 (reserve),0.5700,1.159,6.195
当前·留空法 (reserve),0.5900,1.400,6.494
当前·留空法 (reserve),0.6100,1.771,6.621
当前·留空法 (reserve),0.6300,2.667,6.712
当前·留空法 (reserve),0.6500,4.095,7.279
当前·留空法 (reserve),0.6700,4.811,7.432
当前·留空法 (reserve),0.6900,6.603,7.403
当前·留空法 (reserve),0.7100,8.469,8.139
当前·留空法 (reserve),0.7300,12.375,8.474
当前·留空法 (reserve),0.7500,10.570,9.275
当前·留空法 (reserve),0.7700,9.063,10.071
当前·留空法 (reserve),0.7900,10.568,10.365
当前·留空法 (reserve),0.8100,12.451,10.281
当前·留空法 (reserve),0.8300,14.528,10.959
当前·留空法 (reserve),0.8500,17.342,11.743
当前·留空法 (reserve),0.8700,20.763,12.743
当前·留空法 (reserve),0.8900,12.886,13.872
当前·留空法 (reserve),0.9100,16.344,16.062
当前·留空法 (reserve),0.9300,17.429,15.558
当前·留空法 (reserve),0.9500,22.394,18.982
当前·留空法 (reserve),0.9700,31.195,22.784
当前·留空法 (reserve),0.9900,30.533,10.487
最紧法 (best-fit),0.0500,0.000,1.049
最紧法 (best-fit),0.0700,0.000,1.603
最紧法 (best-fit),0.0900,0.000,1.579
最紧法 (best-fit),0.1100,0.000,1.626
最紧法 (best-fit),0.1300,0.651,1.328
最紧法 (best-fit),0.1500,1.316,1.735
最紧法 (best-fit),0.1700,1.489,2.012
最紧法 (best-fit),0.1900,2.031,2.186
最紧法 (best-fit),0.2100,2.610,2.256
最紧法 (best-fit),0.2300,5.077,2.398
最紧法 (best-fit),0.2500,5.120,2.486
最紧法 (best-fit),0.2700,3.886,2.829
最紧法 (best-fit),0.2900,4.631,3.090
最紧法 (best-fit),0.3100,4.794,3.074
最紧法 (best-fit),0.3300,6.114,3.345
最紧法 (best-fit),0.3500,7.899,3.416
最紧法 (best-fit),0.3700,10.505,3.706
最紧法 (best-fit),0.3900,7.806,3.772
最紧法 (best-fit),0.4100,7.842,3.911
最紧法 (best-fit),0.4300,8.354,4.294
最紧法 (best-fit),0.4500,9.375,4.201
最紧法 (best-fit),0.4700,12.635,4.587
最紧法 (best-fit),0.4900,14.854,4.574
最紧法 (best-fit),0.5100,11.299,4.878
最紧法 (best-fit),0.5300,11.398,5.500
最紧法 (best-fit),0.5500,12.475,5.235
最紧法 (best-fit),0.5700,12.951,5.346
最紧法 (best-fit),0.5900,15.722,5.537
最紧法 (best-fit),0.6100,19.676,6.031
最紧法 (best-fit),0.6300,17.056,6.214
最紧法 (best-fit),0.6500,15.647,7.172
最紧法 (best-fit),0.6700,15.553,6.933
最紧法 (best-fit),0.6900,17.976,7.098
最紧法 (best-fit),0.7100,19.718,7.107
最紧法 (best-fit),0.7300,25.238,7.562
最紧法 (best-fit),0.7500,22.683,8.060
最紧法 (best-fit),0.7700,20.956,9.000
最紧法 (best-fit),0.7900,19.349,8.646
最紧法 (best-fit),0.8100,22.341,9.338
最紧法 (best-fit),0.8300,25.281,9.259
最紧法 (best-fit),0.8500,30.349,9.720
最紧法 (best-fit),0.8700,32.023,10.886
最紧法 (best-fit),0.8900,25.299,11.215
最紧法 (best-fit),0.9100,26.497,12.227
最紧法 (best-fit),0.9300,27.588,12.838
最紧法 (best-fit),0.9500,32.208,12.393
最紧法 (best-fit),0.9700,43.439,17.949
最紧法 (best-fit),0.9900,40.398,9.418
